{"cameraMode":{"drawMode":0,"name":"Shaded","section":"Shading Mode"},"sceneLighting":false,"audioPlay":false,"sceneViewState":{"m_AlwaysRefresh":false,"showFog":true,"showSkybox":true,"showFlares":true,"showImageEffects":true,"showParticleSystems":true,"showVisualEffectGraphs":true,"m_FxEnabled":true},"in2DMode":false,"pivot":{"x":0.20288097858428956,"y":0.6537052392959595,"z":0.878291130065918},"rotation":{"x":-0.08533835411071778,"y":-0.03673422336578369,"z":0.003153921803459525,"w":-0.9956806898117065},"size":0.7887534499168396,"orthographic":false}