{"cameraMode":{"drawMode":0,"name":"Shaded","section":"Shading Mode"},"sceneLighting":false,"audioPlay":false,"sceneViewState":{"m_AlwaysRefresh":false,"showFog":true,"showSkybox":true,"showFlares":true,"showImageEffects":true,"showParticleSystems":true,"showVisualEffectGraphs":true,"m_FxEnabled":true},"in2DMode":false,"pivot":{"x":0.14846746623516084,"y":-0.41060954332351687,"z":0.6293634176254273},"rotation":{"x":-0.30892810225486758,"y":-0.0720740482211113,"z":0.023488951846957208,"w":-0.9480710625648499},"size":0.4959271550178528,"orthographic":false}