{"cameraMode":{"drawMode":0,"name":"Shaded","section":"Shading Mode"},"sceneLighting":false,"audioPlay":false,"sceneViewState":{"m_AlwaysRefresh":false,"showFog":true,"showSkybox":true,"showFlares":true,"showImageEffects":true,"showParticleSystems":true,"showVisualEffectGraphs":true,"m_FxEnabled":true},"in2DMode":false,"pivot":{"x":0.5006368160247803,"y":0.3362797498703003,"z":3.1144726276397707},"rotation":{"x":-0.06576825678348541,"y":-0.07446260005235672,"z":0.004923030734062195,"w":-0.9950445890426636},"size":1.74235200881958,"orthographic":false}