{"cameraMode":{"drawMode":0,"name":"Shaded","section":"Shading Mode"},"sceneLighting":false,"audioPlay":false,"sceneViewState":{"m_AlwaysRefresh":false,"showFog":true,"showSkybox":true,"showFlares":true,"showImageEffects":true,"showParticleSystems":true,"showVisualEffectGraphs":true,"m_FxEnabled":true},"in2DMode":false,"pivot":{"x":-1.0838137865066529,"y":0.6201566457748413,"z":-0.3908589482307434},"rotation":{"x":0.05489151179790497,"y":-0.8031286001205444,"z":0.07490691542625427,"w":0.5885275602340698},"size":0.9517348408699036,"orthographic":false}