{"cameraMode":{"drawMode":0,"name":"Shaded","section":"Shading Mode"},"sceneLighting":false,"audioPlay":false,"sceneViewState":{"m_AlwaysRefresh":false,"showFog":true,"showSkybox":true,"showFlares":true,"showImageEffects":true,"showParticleSystems":true,"showVisualEffectGraphs":true,"m_FxEnabled":true},"in2DMode":false,"pivot":{"x":-1.014049768447876,"y":0.8783488869667053,"z":1.924985408782959},"rotation":{"x":-0.0028853334952145817,"y":-0.27481508255004885,"z":-0.0008239331655204296,"w":0.9614960551261902},"size":1.1684025526046754,"orthographic":false}