{"cameraMode":{"drawMode":0,"name":"Shaded","section":"Shading Mode"},"sceneLighting":false,"audioPlay":false,"sceneViewState":{"m_AlwaysRefresh":false,"showFog":true,"showSkybox":true,"showFlares":true,"showImageEffects":true,"showParticleSystems":true,"showVisualEffectGraphs":true,"m_FxEnabled":true},"in2DMode":false,"pivot":{"x":0.8637195229530335,"y":-0.25113940238952639,"z":0.5761947631835938},"rotation":{"x":-0.3951983153820038,"y":0.15400756895542146,"z":-0.06739174574613571,"w":-0.9030884504318237},"size":1.80443274974823,"orthographic":false}