{"cameraMode":{"drawMode":0,"name":"Shaded","section":"Shading Mode"},"sceneLighting":false,"audioPlay":false,"sceneViewState":{"m_AlwaysRefresh":false,"showFog":true,"showSkybox":true,"showFlares":true,"showImageEffects":true,"showParticleSystems":true,"showVisualEffectGraphs":true,"m_FxEnabled":true},"in2DMode":false,"pivot":{"x":-0.575713038444519,"y":0.4153860807418823,"z":0.20912322402000428},"rotation":{"x":-0.12756358087062837,"y":0.6128830313682556,"z":-0.1011085957288742,"w":-0.7732394933700562},"size":0.9943361282348633,"orthographic":false}