{"cameraMode":{"drawMode":0,"name":"Shaded","section":"Shading Mode"},"sceneLighting":false,"audioPlay":false,"sceneViewState":{"m_AlwaysRefresh":false,"showFog":true,"showSkybox":true,"showFlares":true,"showImageEffects":true,"showParticleSystems":true,"showVisualEffectGraphs":true,"m_FxEnabled":true},"in2DMode":false,"pivot":{"x":-1.3036388158798218,"y":0.6801697015762329,"z":2.141115665435791},"rotation":{"x":0.05381546914577484,"y":-0.3418724536895752,"z":0.019614260643720628,"w":0.9380048513412476},"size":1.2268325090408326,"orthographic":false}