{"cameraMode":{"drawMode":0,"name":"Shaded","section":"Shading Mode"},"sceneLighting":false,"audioPlay":false,"sceneViewState":{"m_AlwaysRefresh":false,"showFog":true,"showSkybox":true,"showFlares":true,"showImageEffects":true,"showParticleSystems":true,"showVisualEffectGraphs":true,"m_FxEnabled":true},"in2DMode":false,"pivot":{"x":-0.1715221107006073,"y":0.7560131549835205,"z":1.0309306383132935},"rotation":{"x":0.08571475744247437,"y":-0.16335105895996095,"z":0.014246175065636635,"w":0.9827384352684021},"size":0.6999994516372681,"orthographic":false}