{"cameraMode":{"drawMode":0,"name":"Shaded","section":"Shading Mode"},"sceneLighting":false,"audioPlay":false,"sceneViewState":{"m_AlwaysRefresh":false,"showFog":true,"showSkybox":true,"showFlares":true,"showImageEffects":true,"showParticleSystems":true,"showVisualEffectGraphs":true,"m_FxEnabled":true},"in2DMode":false,"pivot":{"x":-1.1027114391326905,"y":-2.0638394355773927,"z":6.796634197235107},"rotation":{"x":-0.1399611532688141,"y":0.08928898721933365,"z":-0.012674359604716301,"w":-0.9860458374023438},"size":4.3725152015686039,"orthographic":false}