{"cameraMode":{"drawMode":0,"name":"Shaded","section":"Shading Mode"},"sceneLighting":false,"audioPlay":false,"sceneViewState":{"m_AlwaysRefresh":false,"showFog":true,"showSkybox":true,"showFlares":true,"showImageEffects":true,"showParticleSystems":true,"showVisualEffectGraphs":true,"m_FxEnabled":true},"in2DMode":false,"pivot":{"x":2.616342306137085,"y":0.7297275066375732,"z":1.1825238466262818},"rotation":{"x":0.0428752526640892,"y":0.4985271990299225,"z":-0.02469743974506855,"w":0.8654654622077942},"size":1.4524060487747193,"orthographic":false}