{"cameraMode":{"drawMode":0,"name":"Shaded","section":"Shading Mode"},"sceneLighting":false,"audioPlay":false,"sceneViewState":{"m_AlwaysRefresh":false,"showFog":true,"showSkybox":true,"showFlares":true,"showImageEffects":true,"showParticleSystems":true,"showVisualEffectGraphs":true,"m_FxEnabled":true},"in2DMode":false,"pivot":{"x":-0.3881799280643463,"y":0.20944291353225709,"z":-1.1591267585754395},"rotation":{"x":0.023855023086071016,"y":-0.9756947159767151,"z":0.16848981380462647,"w":0.13815954327583314},"size":0.8149591684341431,"orthographic":false}