{"cameraMode":{"drawMode":0,"name":"Shaded","section":"Shading Mode"},"sceneLighting":false,"audioPlay":false,"sceneViewState":{"m_AlwaysRefresh":false,"showFog":true,"showSkybox":true,"showFlares":true,"showImageEffects":true,"showParticleSystems":true,"showVisualEffectGraphs":true,"m_FxEnabled":true},"in2DMode":false,"pivot":{"x":0.6217137575149536,"y":0.7636756896972656,"z":0.27972352504730227},"rotation":{"x":0.0650692880153656,"y":0.26266032457351687,"z":-0.017759131267666818,"w":0.9625363945960999},"size":0.4251250624656677,"orthographic":false}