{"cameraMode":{"drawMode":0,"name":"Shaded","section":"Shading Mode"},"sceneLighting":false,"audioPlay":false,"sceneViewState":{"m_AlwaysRefresh":false,"showFog":true,"showSkybox":true,"showFlares":true,"showImageEffects":true,"showParticleSystems":true,"showVisualEffectGraphs":true,"m_FxEnabled":true},"in2DMode":false,"pivot":{"x":-0.16623656451702119,"y":0.6196961998939514,"z":0.2232675850391388},"rotation":{"x":0.057965174317359927,"y":-0.1305038183927536,"z":0.0076436386443674568,"w":0.9897279143333435},"size":0.375812292098999,"orthographic":false}