{"cameraMode":{"drawMode":0,"name":"Shaded","section":"Shading Mode"},"sceneLighting":false,"audioPlay":false,"sceneViewState":{"m_AlwaysRefresh":false,"showFog":true,"showSkybox":true,"showFlares":true,"showImageEffects":true,"showParticleSystems":true,"showVisualEffectGraphs":true,"m_FxEnabled":true},"in2DMode":false,"pivot":{"x":0.07702352106571198,"y":0.8540048003196716,"z":-0.04325896501541138},"rotation":{"x":0.02696625515818596,"y":-0.0473640002310276,"z":0.001279223128221929,"w":0.9985149502754211},"size":0.35815685987472536,"orthographic":false}