{"cameraMode":{"drawMode":0,"name":"Shaded","section":"Shading Mode"},"sceneLighting":false,"audioPlay":false,"sceneViewState":{"m_AlwaysRefresh":false,"showFog":true,"showSkybox":true,"showFlares":true,"showImageEffects":true,"showParticleSystems":true,"showVisualEffectGraphs":true,"m_FxEnabled":true},"in2DMode":false,"pivot":{"x":2.0099329948425295,"y":0.7245385646820068,"z":0.9495850801467896},"rotation":{"x":0.08195912092924118,"y":0.6055862307548523,"z":-0.06290306150913239,"w":0.7890464663505554},"size":3.5995631217956545,"orthographic":false}