{"cameraMode":{"drawMode":0,"name":"Shaded","section":"Shading Mode"},"sceneLighting":false,"audioPlay":false,"sceneViewState":{"m_AlwaysRefresh":false,"showFog":true,"showSkybox":true,"showFlares":true,"showImageEffects":true,"showParticleSystems":true,"showVisualEffectGraphs":true,"m_FxEnabled":true},"in2DMode":false,"pivot":{"x":0.04887951910495758,"y":0.2256336808204651,"z":0.34376370906829836},"rotation":{"x":0.1930987685918808,"y":0.08143337815999985,"z":-0.016084741801023485,"w":0.9776674509048462},"size":0.6671414971351624,"orthographic":false}