{"cameraMode":{"drawMode":0,"name":"Shaded","section":"Shading Mode"},"sceneLighting":false,"audioPlay":false,"sceneViewState":{"m_AlwaysRefresh":false,"showFog":true,"showSkybox":true,"showFlares":true,"showImageEffects":true,"showParticleSystems":true,"showVisualEffectGraphs":true,"m_FxEnabled":true},"in2DMode":false,"pivot":{"x":-2.166715145111084,"y":0.13674044609069825,"z":0.6880943775177002},"rotation":{"x":0.05293644592165947,"y":-0.639168918132782,"z":0.04417244344949722,"w":0.7659730911254883},"size":1.7970997095108033,"orthographic":false}