{"cameraMode":{"drawMode":0,"name":"Shaded","section":"Shading Mode"},"sceneLighting":false,"audioPlay":false,"sceneViewState":{"m_AlwaysRefresh":false,"showFog":true,"showSkybox":true,"showFlares":true,"showImageEffects":true,"showParticleSystems":true,"showVisualEffectGraphs":true,"m_FxEnabled":true},"in2DMode":false,"pivot":{"x":-1.0697298049926758,"y":0.9571625590324402,"z":0.8781800866127014},"rotation":{"x":0.01177208125591278,"y":-0.6196615695953369,"z":0.009295206516981125,"w":0.7847285866737366},"size":0.7529604434967041,"orthographic":false}