{"cameraMode":{"drawMode":0,"name":"Shaded","section":"Shading Mode"},"sceneLighting":false,"audioPlay":false,"sceneViewState":{"m_AlwaysRefresh":false,"showFog":true,"showSkybox":true,"showFlares":true,"showImageEffects":true,"showParticleSystems":true,"showVisualEffectGraphs":true,"m_FxEnabled":true},"in2DMode":false,"pivot":{"x":0.013334691524505616,"y":1.1025278568267823,"z":0.5759724974632263},"rotation":{"x":0.07245100289583206,"y":0.1626148521900177,"z":-0.011975204572081566,"w":0.9839572906494141},"size":0.5440097451210022,"orthographic":false}