{"cameraMode":{"drawMode":0,"name":"Shaded","section":"Shading Mode"},"sceneLighting":false,"audioPlay":false,"sceneViewState":{"m_AlwaysRefresh":false,"showFog":true,"showSkybox":true,"showFlares":true,"showImageEffects":true,"showParticleSystems":true,"showVisualEffectGraphs":true,"m_FxEnabled":true},"in2DMode":false,"pivot":{"x":-5.893744468688965,"y":0.48620033264160159,"z":4.8751959800720219},"rotation":{"x":0.02424106001853943,"y":-0.4399479329586029,"z":0.011882692575454712,"w":0.8976302742958069},"size":3.8777174949645998,"orthographic":false}