{"cameraMode":{"drawMode":0,"name":"Shaded","section":"Shading Mode"},"sceneLighting":false,"audioPlay":false,"sceneViewState":{"m_AlwaysRefresh":false,"showFog":true,"showSkybox":true,"showFlares":true,"showImageEffects":true,"showParticleSystems":true,"showVisualEffectGraphs":true,"m_FxEnabled":true},"in2DMode":false,"pivot":{"x":2.0881192684173586,"y":0.08383738994598389,"z":6.72718620300293},"rotation":{"x":-0.06364575773477555,"y":-0.15770047903060914,"z":0.01018498931080103,"w":-0.9853852987289429},"size":3.4411251544952394,"orthographic":false}