{"cameraMode":{"drawMode":0,"name":"Shaded","section":"Shading Mode"},"sceneLighting":false,"audioPlay":false,"sceneViewState":{"m_AlwaysRefresh":false,"showFog":true,"showSkybox":true,"showFlares":true,"showImageEffects":true,"showParticleSystems":true,"showVisualEffectGraphs":true,"m_FxEnabled":true},"in2DMode":false,"pivot":{"x":0.04608633369207382,"y":0.8615270256996155,"z":0.5617071390151978},"rotation":{"x":0.07001064717769623,"y":-0.1102142408490181,"z":0.007781514432281256,"w":0.9914126396179199},"size":0.24222537875175477,"orthographic":false}