{"cameraMode":{"drawMode":0,"name":"Shaded","section":"Shading Mode"},"sceneLighting":false,"audioPlay":false,"sceneViewState":{"m_AlwaysRefresh":false,"showFog":true,"showSkybox":true,"showFlares":true,"showImageEffects":true,"showParticleSystems":true,"showVisualEffectGraphs":true,"m_FxEnabled":true},"in2DMode":false,"pivot":{"x":0.12064802646636963,"y":0.8713220357894898,"z":1.2260679006576539},"rotation":{"x":0.023981647565960885,"y":0.03658325597643852,"z":-0.0008784631500020623,"w":0.9990477561950684},"size":0.839698076248169,"orthographic":false}