{"cameraMode":{"drawMode":0,"name":"Shaded","section":"Shading Mode"},"sceneLighting":false,"audioPlay":false,"sceneViewState":{"m_AlwaysRefresh":false,"showFog":true,"showSkybox":true,"showFlares":true,"showImageEffects":true,"showParticleSystems":true,"showVisualEffectGraphs":true,"m_FxEnabled":true},"in2DMode":false,"pivot":{"x":0.7078277468681336,"y":0.5847815275192261,"z":0.19770212471485139},"rotation":{"x":0.10259100049734116,"y":0.2603289783000946,"z":-0.027833234518766404,"w":0.9596589803695679},"size":0.4251250624656677,"orthographic":false}