{"cameraMode":{"drawMode":0,"name":"Shaded","section":"Shading Mode"},"sceneLighting":false,"audioPlay":false,"sceneViewState":{"m_AlwaysRefresh":false,"showFog":true,"showSkybox":true,"showFlares":true,"showImageEffects":true,"showParticleSystems":true,"showVisualEffectGraphs":true,"m_FxEnabled":true},"in2DMode":false,"pivot":{"x":-0.8453125953674316,"y":0.7331706285476685,"z":1.2613261938095093},"rotation":{"x":-0.05209029093384743,"y":0.4041183292865753,"z":-0.02306940034031868,"w":-0.9129520654678345},"size":0.7752732038497925,"orthographic":false}