{"cameraMode":{"drawMode":0,"name":"Shaded","section":"Shading Mode"},"sceneLighting":false,"audioPlay":false,"sceneViewState":{"m_AlwaysRefresh":false,"showFog":true,"showSkybox":true,"showFlares":true,"showImageEffects":true,"showParticleSystems":true,"showVisualEffectGraphs":true,"m_FxEnabled":true},"in2DMode":false,"pivot":{"x":1.3835155963897706,"y":0.7187108397483826,"z":0.39453625679016116},"rotation":{"x":-0.04799627512693405,"y":-0.45684823393821719,"z":0.02468891069293022,"w":-0.8879145979881287},"size":0.45766279101371767,"orthographic":false}