{"cameraMode":{"drawMode":0,"name":"Shaded","section":"Shading Mode"},"sceneLighting":false,"audioPlay":false,"sceneViewState":{"m_AlwaysRefresh":false,"showFog":true,"showSkybox":true,"showFlares":true,"showImageEffects":true,"showParticleSystems":true,"showVisualEffectGraphs":true,"m_FxEnabled":true},"in2DMode":false,"pivot":{"x":0.03069925308227539,"y":0.9368185997009277,"z":0.5870202779769898},"rotation":{"x":0.06789018213748932,"y":-0.1739054173231125,"z":0.012016717344522477,"w":0.9823505282402039},"size":0.4301351308822632,"orthographic":false}