{"cameraMode":{"drawMode":0,"name":"Shaded","section":"Shading Mode"},"sceneLighting":false,"audioPlay":false,"sceneViewState":{"m_AlwaysRefresh":false,"showFog":true,"showSkybox":true,"showFlares":true,"showImageEffects":true,"showParticleSystems":true,"showVisualEffectGraphs":true,"m_FxEnabled":true},"in2DMode":false,"pivot":{"x":-0.29243651032447817,"y":0.6163395643234253,"z":2.6274704933166506},"rotation":{"x":0.08836926519870758,"y":-0.08506471663713455,"z":0.0075749363750219349,"w":0.992425262928009},"size":1.3671660423278809,"orthographic":false}