{"cameraMode":{"drawMode":0,"name":"Shaded","section":"Shading Mode"},"sceneLighting":false,"audioPlay":false,"sceneViewState":{"m_AlwaysRefresh":false,"showFog":true,"showSkybox":true,"showFlares":true,"showImageEffects":true,"showParticleSystems":true,"showVisualEffectGraphs":true,"m_FxEnabled":true},"in2DMode":false,"pivot":{"x":1.1902625560760499,"y":0.609703540802002,"z":1.895389199256897},"rotation":{"x":0.09258301556110382,"y":0.3074954152107239,"z":-0.030076317489147188,"w":0.9465587735176086},"size":1.3071454763412476,"orthographic":false}