{"cameraMode":{"drawMode":0,"name":"Shaded","section":"Shading Mode"},"sceneLighting":false,"audioPlay":false,"sceneViewState":{"m_AlwaysRefresh":false,"showFog":true,"showSkybox":true,"showFlares":true,"showImageEffects":true,"showParticleSystems":true,"showVisualEffectGraphs":true,"m_FxEnabled":true},"in2DMode":false,"pivot":{"x":1.4289954900741578,"y":0.19009768962860108,"z":3.953209638595581},"rotation":{"x":0.09532193094491959,"y":0.2019069492816925,"z":-0.01974700391292572,"w":0.9745604991912842},"size":2.188072681427002,"orthographic":false}