{"cameraMode":{"drawMode":0,"name":"Shaded","section":"Shading Mode"},"sceneLighting":false,"audioPlay":false,"sceneViewState":{"m_AlwaysRefresh":false,"showFog":true,"showSkybox":false,"showFlares":true,"showImageEffects":true,"showParticleSystems":true,"showVisualEffectGraphs":true,"m_FxEnabled":true},"in2DMode":false,"pivot":{"x":-0.04014556109905243,"y":0.04327711835503578,"z":-0.026959296315908433},"rotation":{"x":-0.015466324053704739,"y":-0.7168383598327637,"z":-0.01591024175286293,"w":0.6968939304351807},"size":0.13601545989513398,"orthographic":false}