{"cameraMode":{"drawMode":0,"name":"Shaded","section":"Shading Mode"},"sceneLighting":false,"audioPlay":false,"sceneViewState":{"m_AlwaysRefresh":false,"showFog":true,"showSkybox":false,"showFlares":true,"showImageEffects":true,"showParticleSystems":true,"showVisualEffectGraphs":true,"m_FxEnabled":true},"in2DMode":false,"pivot":{"x":-0.05259174108505249,"y":-0.008071847259998322,"z":-0.03302548825740814},"rotation":{"x":0.0905870571732521,"y":-0.8643147349357605,"z":0.16829641163349152,"w":0.46523335576057436},"size":0.1622009575366974,"orthographic":false}