{"cameraMode":{"drawMode":0,"name":"Shaded","section":"Shading Mode"},"sceneLighting":false,"audioPlay":false,"sceneViewState":{"m_AlwaysRefresh":false,"showFog":true,"showSkybox":false,"showFlares":true,"showImageEffects":true,"showParticleSystems":true,"showVisualEffectGraphs":true,"m_FxEnabled":true},"in2DMode":false,"pivot":{"x":-0.02941887080669403,"y":0.05629783123731613,"z":-0.027479827404022218},"rotation":{"x":-0.11946341395378113,"y":-0.7221156358718872,"z":-0.12893731892108918,"w":0.6690768003463745},"size":0.1044456884264946,"orthographic":false}