{"cameraMode":{"drawMode":0,"name":"Shaded","section":"Shading Mode"},"sceneLighting":false,"audioPlay":false,"sceneViewState":{"m_AlwaysRefresh":false,"showFog":true,"showSkybox":false,"showFlares":true,"showImageEffects":true,"showParticleSystems":true,"showVisualEffectGraphs":true,"m_FxEnabled":true},"in2DMode":false,"pivot":{"x":0.08357362449169159,"y":-0.06213583052158356,"z":0.017402589321136476},"rotation":{"x":0.2777673006057739,"y":-0.11323335766792298,"z":0.0329887717962265,"w":0.9533877968788147},"size":0.14027930796146394,"orthographic":false}