{"cameraMode":{"drawMode":0,"name":"Shaded","section":"Shading Mode"},"sceneLighting":false,"audioPlay":false,"sceneViewState":{"m_AlwaysRefresh":false,"showFog":true,"showSkybox":false,"showFlares":true,"showImageEffects":true,"showParticleSystems":true,"showVisualEffectGraphs":true,"m_FxEnabled":true},"in2DMode":false,"pivot":{"x":0.009130517952144146,"y":-0.06865517795085907,"z":0.023611634969711305},"rotation":{"x":0.40750303864479067,"y":-0.03260494023561478,"z":0.014559268951416016,"w":0.9125127792358398},"size":0.14027930796146394,"orthographic":false}