{"cameraMode":{"drawMode":0,"name":"Shaded","section":"Shading Mode"},"sceneLighting":false,"audioPlay":false,"sceneViewState":{"m_AlwaysRefresh":false,"showFog":true,"showSkybox":false,"showFlares":true,"showImageEffects":true,"showParticleSystems":true,"showVisualEffectGraphs":true,"m_FxEnabled":true},"in2DMode":false,"pivot":{"x":-0.0033083148300647737,"y":0.0018128901720046998,"z":-0.0006975159049034119},"rotation":{"x":-0.10973285883665085,"y":0.2097930610179901,"z":-0.023707902058959008,"w":-0.971297562122345},"size":0.04573017731308937,"orthographic":false}