{"cameraMode":{"drawMode":0,"name":"Shaded","section":"Shading Mode"},"sceneLighting":false,"audioPlay":false,"sceneViewState":{"m_AlwaysRefresh":false,"showFog":true,"showSkybox":false,"showFlares":true,"showImageEffects":true,"showParticleSystems":true,"showVisualEffectGraphs":true,"m_FxEnabled":true},"in2DMode":false,"pivot":{"x":-0.0002018306404352188,"y":0.002183120232075453,"z":0.001171434298157692},"rotation":{"x":-0.12113679945468903,"y":0.333734393119812,"z":-0.043305497616529468,"w":-0.9338675737380981},"size":0.010796749964356423,"orthographic":false}