{"cameraMode":{"drawMode":0,"name":"Shaded","section":"Shading Mode"},"sceneLighting":false,"audioPlay":false,"sceneViewState":{"m_AlwaysRefresh":false,"showFog":true,"showSkybox":false,"showFlares":true,"showImageEffects":true,"showParticleSystems":true,"showVisualEffectGraphs":true,"m_FxEnabled":true},"in2DMode":false,"pivot":{"x":0.1239953562617302,"y":0.7774098515510559,"z":0.3239205479621887},"rotation":{"x":-0.19708304107189179,"y":0.19530853629112245,"z":-0.040105532854795459,"w":-0.9599161148071289},"size":0.09940933436155319,"orthographic":false}